QUARTER_NUMBER,STATION,IS_OCCUPIED,EMPLOYEE_NAME,HRMS_ID,ALLOTMENT_DATE,PF_NUMBER,DESIGNATION
RB_I_1_A,BRGW,NO,,,,,
RB_I_1_B,BRGW,YES,RATNESH KUMAR SINHA,XXQYJL,2016-10-01,45229800795,TRACK MAINTAINER-III
RB_I_1_C,BRGW,YES,ANIT KUMAR VERMA,CFSBZM,2018-01-01,45216018236,TRACK MAINTAINER-IV
RB_I_1_D,BRGW,NO,,,,,
RB_I_2_A,BRGW,NO,,,,,
RB_I_2_B,BRGW,YES,PRADIP KUMAR TIWARI,XTXDAB,2015-07-05,45216014345,TRACK MAINTAINER-II
RB_I_3_A,BRGW,NO,,,,,
RB_I_3_B,BRGW,NO,,,,,
RB_I_5_B,BRGW,YES,DHARAM SINGH MEENA,XIARHH,2017-01-06,45216016166,TRACK MAINTAINER-II
RB_II_10_A,BRGW,YES,SAMUNA PRASAD YADAV,NLAEXB,2022-05-10,45216015363,TRACK MAINTAINER-I
RB_II_10_B,BRGW,YES,UMESH RAJAK,JMONOP,2015-03-07,45216016093,TRACK MAINTAINER-I
RB_II_10_D,BRGW,NO,,,,,
RB_II_17_D NEW,BRGW,YES,CHANDRA DEV,GBULML,2025-08-19,45216016143,TRACK MAINTAINER-I
RB_II_17_E NEW,BRGW,YES,PANKAJ KUMAR,UKUADF,2024-03-14,45229800801,TRACK MAINTAINER-III
RB_II_17_F NEW,BRGW,YES,VIJAY KUMAR,KLCRMU,2024-03-18,45229800858,TRACK MAINTAINER-III
RB_II_18_A NEW,BRGW,YES,MAHESH KUMAR,JNUZLK,2024-03-18,45229800814,TRACK MAINTAINER-III
RB_II_20_F NEW,BRGW,YES,ASHISH MISHRA,ZNUPHY,2024-03-23,45229804393,TRACK MAINTAINER-IV
RB_II_9_A,BRGW,YES,PRAWEEN LAKRA,BHYXBX,2021-02-26,45216016094,TRACK MAINTAINER-II
RB_II_9_C,BRGW,YES,VIJAY KUMAR (JE/PW/BRGW),RFCMFT,2023-04-02,45216015227,JE/PW/BRGW
RB_II_9_D,BRGW,YES,SATYAPAL KUMAR,ZEOXDL,2022-03-25,45229800790,TRACK MAINTAINER-III
RB_III_12_A,BRGW,YES,MANOJ KUMAR DAS (SSE/PW/BRGW),ONQRCB,2014-12-08,45216013273,SSE/PW/BRGW
RB_I_1_B,BSDL,YES,RAMAKANT JAYSWAL,IOEMMT,2023-08-28,45229806764,TRACK MAINTAINER-IV
RB_I_1_C,BSDL,YES,RAM CHANDRA SAHU,WRHKJI,2019-01-04,45216015370,TRACK MAINTAINER-I
RB_I_1_D,BSDL,YES,SUBASH KUMAR,RCBRCA,2019-07-14,45216015369,TRACK MAINTAINER-I
RB_I_2_A,BSDL,YES,SURESH PRASAD JAYSWAL,MEAFIU,2021-02-18,45216015397,TRACK MAINTAINER-I
RB_I_2_B,BSDL,YES,SUJEET SINGH,UPFIBL,2020-01-01,45229804238,TRACK MAINTAINER-IV
RB_I_2_C,BSDL,YES,SANDEEP KUMAR MAHATO,KTDFBA,2020-01-01,45229804527,TRACK MAINTAINER-IV
RB_I_2_D,BSDL,YES,SUNIL KUMAR,SXJKDN,2020-01-01,45229804543,TRACK MAINTAINER-IV
RB_I_3_A,BSDL,YES,BRIJENDRA SINGH,CRLHPG,2020-01-01,45216021185,TRACK MAINTAINER-III
RB_I_4_A,BSDL,YES,ARVIND KACHHI,SJRMJR,2020-01-01,45229804545,TRACK MAINTAINER-IV
RB_I_4_B,BSDL,YES,GULAB SINGH,AEKQKJ,2014-06-29,45216017404,TRACK MAINTAINER-II
RB_I_4_C,BSDL,YES,RAHUL KUMAR,HKHXGE,2024-02-12,45229808850,TRACK MAINTAINER-IV
RB_I_4_D,BSDL,NO,,,,,
RB_I_5_A,BSDL,YES,VISHNU KUMAR MISHRA,RGMYPT,2020-07-18,45216013275,TRACK MAINTAINER-I
RB_II_6_A,BSDL,NO,,,,,
RB_II_RSS_5_B,BSDL,YES,VIKASH KUMAR,PRTBJA,2020-01-01,45229804380,TRACK MAINTAINER-IV
RB_I_1_A,DRGM,YES,SATYENDRA KUMAR VISHWAKARMA,TWWRRE,2016-01-10,45229800781,TRACK MAINTAINER-III
RB_I_1_B,DRGM,YES,SUBHASH CHANDRA YADAV,SPBBYU,2013-02-10,45216012296,TRACK MAINTAINER-II
RB_I_1_C,DRGM,YES,ANIL MEHTA,DOAKKG,2024-05-31,45229808681,TRACK MAINTAINER-IV
RB_I_1_D,DRGM,YES,DILEEP PATEL,KDULPN,2025-11-26,45229806757,TRACK MAINTAINER-IV
RB_I_2_A,DRGM,YES,VIKAS KUMAR GUPTA,DQIXEM,2020-01-01,45229804325,TRACK MAINTAINER-IV
RB_I_2_B,DRGM,YES,SHISHUPAL,JKPJNO,2025-09-01,45229804396,TRACK MAINTAINER-IV
RB_I_2_C,DRGM,YES,SRABAN KARMKAR,JBRPSK,2023-04-29,45229804369,TRACK MAINTAINER-IV
RB_I_2_D,DRGM,YES,SUNIL PANDEY,WKOKIB,2020-01-01,45229800780,TRACK MAINTAINER-III
RB_II_RSS_10_A,DRGM,YES,TEERATH SHAHWAL,UMROSU,2020-01-01,45216015747,TRACK MAINTAINER-I
RB_II_RSS_10_B,DRGM,YES,LALMAN SINGH,ASZWDR,2022-05-10,45206440277,TRACK MAINTAINER-I
RB_II_RSS_6_A,DRGM,YES,DEEPAK KUMAR,GPSMEM,2020-01-01,45229800860,TRACK MAINTAINER-III
RB_II_RSS_8_A,DRGM,YES,UMESH KUMAR (SSE/PW/DRGM),YKQRLQ,2020-12-24,45216013250,SSE/PW/DRGM
RB_II_RSS_9_A,DRGM,YES,NITISH KUMAR,BDKQEU,2017-01-12,45229800776,TRACK MAINTAINER-III
RB_II_RSS_9_B,DRGM,YES,ANISH RANJAN,BGRRIK,2017-01-12,45229800779,TRACK MAINTAINER-III
RB_I_1_A,GAJB,NO,,,,,
RB_I_2_A,GAJB,NO,,,,,
RB_I_2_B,GAJB,NO,,,,,
RB_I_2_C,GAJB,NO,,,,,
RB_I_2_D,GAJB,NO,,,,,
RB_I_RSS_4_D,GAJB,YES,SHIV LAL,KYKERH,2025-07-02,45216010100,TRACK MAINTAINER-II
RB_I_RSS_5_A,GAJB,YES,RANJAY KUMAR,FNHFED,2017-06-14,45229800855,TRACK MAINTAINER-III
RB_I_RSS_5_B,GAJB,YES,CHANDAN KUMAR SINGH,KJDDAI,2021-02-18,45229804323,TRACK MAINTAINER-IV
RB_I_RSS_5_C,GAJB,YES,AMARJEET KUMAR,JIQCRK,2024-11-09,45329801926,TRACK MAINTAINER-III
RB_I_RSS_8_A,GAJB,NO,,,,,
RB_II_3_A,GAJB,NO,,,,,
RB_II_3_B,GAJB,NO,,,,,
RB_I_1_A,GNDI,NO,,,,,
RB_I_1_C,GNDI,NO,,,,,
RB_I_1_D,GNDI,NO,,,,,
RB_I_2_A,GNDI,YES,GOVIND BALLAV,DCLBHK,2022-01-25,45229804334,TRACK MAINTAINER-IV
RB_I_2_B,GNDI,YES,ADITYA PRAKASH,FQRHPL,2019-08-15,45229804536,TRACK MAINTAINER-IV
RB_I_2_C,GNDI,YES,SOURAV SHRIVASTAVA,QRFSBL,2021-04-15,45229804509,TRACK MAINTAINER-IV
RB_I_2_D,GNDI,YES,CHANDRASHEKHAR PRASAD SAHOO,RZDTYI,2017-01-12,45216015366,TRACK MAINTAINER-I
RB_II_RSS_3_A,GNDI,YES,ANUJ KUMAR SINGH,RBEQTC,2017-01-12,45216020474,TRACK MAINTAINER-IV
RB_II_RSS_3_B,GNDI,YES,VINAY KUMAR,YNFRRL,2020-03-31,45329802264,TRACK MAINTAINER-III
RB_II_RSS_4_A,GNDI,YES,PRAMOD KUMAR SAHU,ZAHSHL,2020-09-09,45216015703,TRACK MAINTAINER-I
RB_I_2_A,MZHL,NO,,,,,
RB_I_2_B,MZHL,NO,,,,,
RB_I_2_C,MZHL,NO,,,,,
RB_I_2_D,MZHL,NO,,,,,
RB_II_8_A NEW,MZHL,YES,LOKENDRA SINGH,URYSPI,2025-09-15,45229807271,TRACK MAINTAINER-IV
RB_II_7_A NEW,MZHL,YES,RAMPULIC CHOUAHAN,UKPWWE,2025-09-01,45216016021,TRACK MAINTAINER-I
RB_II_8_B NEW,MZHL,YES,BABLU KUMAR,TRILYS,2025-09-01,45229800809,TRACK MAINTAINER-III
RB_II_9_A NEW,MZHL,YES,SINTU KUMAR,AGTAAY,2025-09-01,45216015372,TRACK MAINTAINER-I
RB_I_1_A,NWB,NO,,,,,
RB_I_1_B,NWB,YES,RAM KRISHN SAHU,SFCBKU,2019-01-04,45216018222,TRACK MAINTAINER-II
RB_I_1_D,NWB,NO,,,,,
RB_I_2_A,NWB,YES,ANITA,UDBNBT,2017-04-15,45229802031,TRACK MAINTAINER-IV
RB_I_2_B,NWB,NO,,,,,
RB_I_2_C,NWB,NO,,,,,
RB_I_2_D,NWB,YES,SHRAVAN KUMAR SHAHU,FXANRI,2020-06-17,45216017680,TRACK MAINTAINER-II
RB_III_RSS_8_A,NWB,YES,DEENANATH JOGI (JE/NWB),AFFIWJ,2017-08-20,45216015403,JE/PW/NWB
RB_III_RSS_9_A,NWB,YES,MANOJ KUMAR PATHAK,GYEZOF,2017-08-20,45216015402,TRACK MAINTAINER-I
RB_I_13_A,SGAM,YES,RPF,NA,2015-01-01,NA,NA
RB_I_13_B,SGAM,YES,MOTI KUMAR CHARMKAR,RLZUNG,2022-10-17,45216017351,TRACK MAINTAINER-II
RB_I_13_D,SGAM,YES,MANOJ KUMAR,AABGFF,2025-09-15,45229809855,TRACK MAINTAINER-IV
RB_I_5_A,SGAM,YES,BHOLA PRASAD SAKET,YIUSMD,2016-01-10,45216018672,TRACK MAINTAINER-IV
RB_I_7_A,SGAM,YES,BRAJESH KUMAR YADAV,CXWGBR,2022-01-24,45229800817,TRACK MAINTAINER-III
RB_I_7_B,SGAM,NO,,,,,
RB_I_7_C,SGAM,YES,LALDEV KUMAR,KXWNYR,2022-07-04,45229800798,TRACK MAINTAINER-III
RB_I_7_D,SGAM,NO,,,,,
RB_I_8_A,SGAM,NO,,,,,
RB_I_8_C,SGAM,YES,DULLI DEVI,LSDLSU,2016-01-07,45216019884,TRACK MAINTAINER-II
RB_I_8_D,SGAM,YES,RAJ KUMAR SAKET,RPKYIU,2022-08-23,45216017487,TRACK MAINTAINER-II
RB_I_9_A,SGAM,NO,,,,,
RB_I_9_B,SGAM,YES,RAJ KUMAR SAHU,DAMITW,2020-01-01,45216016859,TRACK MAINTAINER-II
RB_I_9_C,SGAM,NO,,,,,
RB_I_RSS_15_A,SGAM,NO,,,,,
RB_I_RSS_16_A,SGAM,YES,VIJAY KUMAR PATEL,JGWLFZ,2025-01-18,45229807319,TRACK MAINTAINER-IV
RB_I_RSS_17_B,SGAM,NO,,,,,
RB_II_10_B,SGAM,YES,OM PRAKASH MISHRA,HQYIBX,2015-01-07,45216013276,TRACK MAINTAINER-I
RB_II_11_A,SGAM,NO,,,,,
RB_II_11_B,SGAM,NO,,,,,
RB_II_12_A,SGAM,YES,VIVEKANAND KUMAR,TURELZ,2024-06-07,45229808847,TRACK MAINTAINER-IV
RB_II_12_B,SGAM,YES,DEEPAK CHOUDHARY,FPYAHF,2020-01-01,45229804516,TRACK MAINTAINER-III
RB_II_12_C,SGAM,YES,PRAKASH KUMAR,URTXOD,2020-01-01,45229804377,TRACK MAINTAINER-III
RB_II_12_D,SGAM,NO,,,,,
RB_II_RSS_18_A,SGAM,YES,SHIVSHANKAR KUMAR (SSE/PW/SGAM),SSYXGE,2020-12-24,45216018288,SSE/PW/SGAM (Sec.)
RB_IV_A_14,SGAM,NO,,,,,
RB_IV_B_14,SGAM,NO,,,,,
RB_IV_26_A NEW,SGAM,YES,PRABHAT RANJAN (SSE/PW/SGAM),UBQAUU,2025-04-13,45206478128,SSE/PW/SGAM (Inch.)
RB_III_20_B NEW,SGAM,YES,SIDDHARTH VISHWARI,DYTGGH,2025-04-13,45229808006,Sr.Clerck SGAM
RB_III_19_B NEW,SGAM,YES,GOURAV PANDEY JE/WORKS,NA,2025-04-13,NA,JE_WOKS
RB_II_23_A NEW,SGAM,YES,JITENDRA KUMAR,WPMLID,2025-04-13,45229800773,TRACK MAINTAINER-III
RB_II_23_B NEW,SGAM,YES,ROHITESH KUMAR MISHRA,DYTCFR,2025-04-13,45229806758,TRACK MAINTAINER-IV
RB_II_23_D NEW,SGAM,YES,ABHAY RAJ MISHRA,XAUDGH,2025-04-13,45229808677,TRACK MAINTAINER-IV
RB_II_23_C NEW,SGAM,YES,SANTOSH KUMAR SAKET,YDYEGR,2025-04-13,45216018237,TRACK MAINTAINER-II
RB_III_19_A NEW,SGAM,YES,CHANDRA BHAN SINGH,JMOLOR,2025-09-15,45216015661,SENIOR TECHNICIAN
RB_II_24_A NEW,SGAM,YES,RANJEET KUMAR KASHYAP,FDWPNE,2025-04-13,45229804372,TRACK MAINTAINER-IV
RB_I_1_A,SSGJ,NO,,,,,
RB_I_1_B,SSGJ,YES,RAMRAKSHA,AJTZOT,2018-05-31,45206452176,TRACK MAINTAINER-I
RB_I_1_C,SSGJ,NO,,,,,
RB_I_1_D,SSGJ,NO,,,,,
RB_I_2_A,SSGJ,NO,,,,,
RB_I_2_B,SSGJ,YES,PAWAN KUMAR JAYSWAL,SLGSAT,2017-12-04,45216015364,TRACK MAINTAINER-II
RB_I_2_C,SSGJ,NO,,,,,
RB_I_2_D,SSGJ,NO,,,,,
RB_II_RSS_3_A,SSGJ,YES,BENI PRASAD,KAUOOI,2020-02-14,45206446887,TRACK MAINTAINER-III
